Diego Extremiana --> dextremiana1998@gmail.com
Rodrigo Perez --> elrodrasps28@gmail.com
Adrián sorroche --> rekoikoikoi@gmail.com
Diego Damian Barrientos --> dgbarrientos8@gmail.com
Joaquin Alonso --> jokinbob@gmail.com
Akbar Ali --> idakbarali01@gmail.com
Andrés Enrique Lungoci --> miscotm@gmail.com
Raúl Calderón --> racalgar02@gmail.com
Diego Peña --> 
Dylan Torres --> dilantorresforero637@gmail.com
Fernando Quintanilla --> ferqo25@gmail.com
Gorca Torres --> Gorkatorresembeita@gmail.com
Hugo Fernández --> Hugolanavata@gmail.com
Iker Alesanco --> ikeralesanco2003@gmail.com
Ismael Sabino --> Ismaelsab1920@gmail.com
Javier Perez --> byawesomee@gmail.com
Javier Vidal --> yoqse089@gmail.com
Ruben Sierra --> rbsierrarsa1998@gmail.com
Razvan Viorea --> cobratios@gmail.com
Roberto --> thunderirm@gmail.com
Jesús Fuentes --> Jesusfuentes687@gmail.com
Miguel Villuendas --> mivillu180905@gmail.com
